{"cameraMode":{"drawMode":0,"name":"Shaded","section":"Shading Mode"},"sceneLighting":false,"audioPlay":false,"sceneViewState":{"showFog":true,"showMaterialUpdate":false,"showSkybox":false,"showFlares":true,"showImageEffects":true,"showParticleSystems":true},"in2DMode":false,"pivot":{"x":0.0,"y":5.871500015258789,"z":0.015000343322753907},"rotation":{"x":0.1235450953245163,"y":-0.12174037098884583,"z":0.015273114666342736,"w":0.9847261905670166},"size":37.598655700683597,"orthographic":false}