{"cameraMode":{"drawMode":0,"name":"Shaded","section":"Shading Mode"},"sceneLighting":true,"audioPlay":false,"sceneViewState":{"showFog":true,"showMaterialUpdate":false,"showSkybox":true,"showFlares":true,"showImageEffects":true,"showParticleSystems":true},"in2DMode":false,"pivot":{"x":0.0,"y":5.871500015258789,"z":0.015000343322753907},"rotation":{"x":-0.03820228576660156,"y":-0.3095715641975403,"z":-0.012451166287064553,"w":0.9500301480293274},"size":13.505611419677735,"orthographic":false}